{
  "island.music.hitw": {
    "sounds": [
      "island:hitw"
    ]
  },
  "island.music.tgttos": {
    "sounds": [
      "island:tgttos"
    ]
  },
  "island.music.battle_box": {
    "sounds": [
      "island:battle_box"
    ]
  },
  "island.music.sky_battle": {
    "sounds": [
      "island:sky_battle"
    ]
  },
  "island.music.dynaball": {
    "sounds": [
      "island:dynaball"
    ]
  },
  "island.music.rsr": {
    "sounds": [
      "island:rsr"
    ]
  },
  "island.music.parkour_warrior": {
    "sounds": [
      "island:parkour_warrior"
    ]
  },
  "island.music.classic_hitw": {
    "sounds": [
      "island:spacewall"
    ]
  },
  "island.music.to_the_dome": {
    "sounds": [
      "island:to_the_dome"
    ]
  },
  "island.music.hub_like": {
    "sounds": [
      "island:hub_like"
    ]
  },
  "island.music.hubbin": {
    "sounds": [
      "island:hubbin"
    ]
  },
  "island.music.island": {
    "sounds": [
      "island:island"
    ]
  },
  "island.music.our_hub": {
    "sounds": [
      "island:our_hub"
    ]
  },
    "island.music.relax_hub": {
    "sounds": [
      "island:relax_hub"
    ]
  },
    "island.music.hub_classic": {
    "sounds": [
      "island:hub_classic"
    ]
  },
    "island.music.we_are": {
    "sounds": [
      "island:we_are"
    ]
  },
  "announcer.reproduction": {
    "sounds": [
      "island:announcer/reproduction"
    ]
  },
  "announcer.matrix": {
    "sounds": [
      "island:announcer/matrix"
    ]
  },
  "announcer.swimmyfish": {
    "sounds": [
      "island:announcer/swimmyfish"
    ]
  },
  "announcer.blastoff": {
    "sounds": [
      "island:announcer/kaboom"
    ]
  },
  "announcer.kaboom": {
    "sounds": [
      "island:announcer/kaboom"
    ]
  },
  "announcer.feelinghot": {
    "sounds": [
      "island:announcer/whatintheblazes"
    ]
  },
  "announcer.whatintheblazes": {
    "sounds": [
      "island:announcer/whatintheblazes"
    ]
  },
  "announcer.revenge": {
    "sounds": [
      "island:announcer/revenge"
    ]
  },
  "announcer.whereami": {
    "sounds": [
      "island:announcer/whereami"
    ]
  },
  "announcer.flowerhead": {
    "sounds": [
      "island:announcer/flowerhead"
    ]
  },
  "announcer.booby": {
    "sounds": [
      "island:announcer/booby"
    ]
  },
  "announcer.archery": {
    "sounds": [
      "island:announcer/archery"
    ]
  },
  "announcer.bombsquad": {
    "sounds": [
      "island:announcer/bombsquad"
    ]
  },
  "announcer.bumperbars": {
    "sounds": [
      "island:announcer/bumperbars"
    ]
  },
  "announcer.chickentornado": {
    "sounds": [
      "island:announcer/chickentornado"
    ]
  },
  "announcer.erosion": {
    "sounds": [
      "island:announcer/erosion"
    ]
  },
  "announcer.hightide": {
    "sounds": [
      "island:announcer/hightide"
    ]
  },
  "announcer.hmm": {
    "sounds": [
      "island:announcer/hmm"
    ]
  },
  "announcer.hotcoals": {
    "sounds": [
      "island:announcer/hotcoals"
    ]
  },
  "announcer.jungle": {
    "sounds": [
      "island:announcer/jungle"
    ]
  },
  "announcer.legday": {
    "sounds": [
      "island:announcer/molasses"
    ]
  },
  "announcer.molasses": {
    "sounds": [
      "island:announcer/molasses"
    ]
  },
  "announcer.stickyshoes": {
    "sounds": [
      "island:announcer/stickyshoes"
    ]
  },
  "announcer.arrowstorm": {
    "sounds": [
      "island:announcer/arrowstorm"
    ]
  },
  "announcer.bonuspoints": {
    "sounds": [
      "island:announcer/bonuspoints"
    ]
  },
  "announcer.ears": {
    "sounds": [
      "island:announcer/ears"
    ]
  },
  "announcer.gameover": {
    "sounds": [
      "island:announcer/gameover"
    ]
  },
  "announcer.gettingdizzy": {
    "sounds": [
      "island:announcer/gettingdizzy"
    ]
  },
  "announcer.go": {
    "sounds": [
      "island:announcer/go"
    ]
  },
  "announcer.snowballfight": {
    "sounds": [
      "island:announcer/jackfrost"
    ]
  },
  "announcer.jackfrost": {
    "sounds": [
      "island:announcer/jackfrost"
    ]
  },
  "announcer.loser": {
    "sounds": [
      "island:announcer/loser"
    ]
  },
  "announcer.marathon": {
    "sounds": [
      "island:announcer/marathon"
    ]
  },
  "announcer.myeyes": {
    "sounds": [
      "island:announcer/myeyes"
    ]
  },
  "announcer.plugyourears": {
    "sounds": [
      "island:announcer/plugyourears"
    ]
  },
  "announcer.snowballfrenzy": {
    "sounds": [
      "island:announcer/snowballfrenzy"
    ]
  },
  "announcer.pillagers": {
    "sounds": [
      "island:announcer/solonely"
    ]
  },
  "announcer.solonely": {
    "sounds": [
      "island:announcer/solonely"
    ]
  },
  "announcer.superspeed": {
    "sounds": [
      "island:announcer/superspeed"
    ]
  }
}